{"dataset_name": "tumor_normal", "mut_assignments": {"1": {"ssms": ["s178", "s223", "s169", "s222", "s128", "s161", "s123", "s209", "s22", "s53", "s20", "s199", "s58", "s90", "s8", "s230", "s134", "s224", "s180", "s39", "s47", "s35", "s131", "s48", "s49", "s133", "s30", "s28", "s29", "s61", "s252", "s160", "s149", "s11", "s10"], "cnvs": ["c19", "c14", "c2", "c22", "c26", "c27", "c13", "c12", "c11", "c4", "c17", "c16", "c20", "c18", "c3", "c8", "c9", "c28", "c31", "c1", "c7", "c6", "c5", "c21", "c10", "c33", "c15", "c23", "c0"]}, "2": {"ssms": ["s226", "s221", "s220", "s173", "s167", "s164", "s165", "s163", "s14", "s185", "s212", "s84", "s26", "s24", "s227", "s237", "s249", "s248", "s240", "s136", "s246", "s245", "s103", "s44", "s67", "s40", "s43", "s65", "s137", "s146", "s119", "s114", "s250", "s192", "s71", "s150", "s3"], "cnvs": ["c24", "c35", "c34", "c37", "c30", "c41", "c25", "c36", "c38"]}, "3": {"ssms": ["s0", "s7", "s6", "s4", "s91", "s16", "s171", "s96", "s95", "s244", "s15", "s177", "s207", "s197", "s214", "s215", "s216", "s253", "s210", "s120", "s213", "s126", "s56", "s124", "s54", "s23", "s92", "s51", "s188", "s218", "s62", "s63", "s60", "s153", "s183", "s181", "s125", "s85", "s168", "s151", "s232", "s138", "s242", "s241", "s105", "s106", "s100", "s21", "s247", "s34", "s42", "s36", "s31", "s198", "s141", "s143", "s144", "s33", "s159", "s184", "s117", "s116", "s115", "s113", "s112", "s79", "s195", "s187", "s190", "s70", "s73", "s152", "s204", "s74", "s76", "s236", "s206", "s13", "s9"], "cnvs": ["c32", "c39", "c40", "c29"]}, "4": {"ssms": ["s75", "s80", "s38", "s176"], "cnvs": []}, "5": {"ssms": ["s1", "s93", "s88", "s179", "s122", "s5", "s97", "s170", "s172", "s175", "s98", "s162", "s82", "s203", "s217", "s201", "s196", "s208", "s235", "s127", "s55", "s52", "s66", "s50", "s27", "s59", "s219", "s233", "s69", "s189", "s83", "s200", "s86", "s81", "s89", "s135", "s231", "s108", "s109", "s234", "s99", "s147", "s107", "s211", "s101", "s102", "s94", "s139", "s194", "s41", "s37", "s130", "s239", "s132", "s243", "s148", "s229", "s228", "s118", "s78", "s193", "s191", "s186", "s72", "s77", "s154", "s158", "s2", "s12", "s145"], "cnvs": ["c42"]}, "6": {"ssms": ["s17", "s25", "s111", "s87", "s166", "s174", "s32", "s205", "s156", "s155", "s18", "s57", "s251", "s68", "s45"], "cnvs": []}, "7": {"ssms": ["s238", "s142", "s157", "s19", "s104", "s202"], "cnvs": []}, "8": {"ssms": ["s140", "s225", "s182", "s129", "s121", "s110", "s46", "s64"], "cnvs": []}}}