{"dataset_name": "tumor_normal", "mut_assignments": {"1": {"ssms": ["s223", "s169", "s30", "s22", "s199", "s58", "s90", "s230", "s134", "s47", "s35", "s131", "s48", "s49", "s133", "s28", "s8", "s11"], "cnvs": ["c19", "c2", "c22", "c13", "c12", "c11", "c4", "c17", "c16", "c20", "c18", "c3", "c8", "c9", "c1", "c0", "c7", "c6", "c5", "c21", "c10", "c33", "c15", "c14", "c23"]}, "2": {"ssms": ["s220", "s171", "s173", "s222", "s197", "s215", "s212", "s125", "s53", "s26", "s24", "s183", "s237", "s232", "s248", "s247", "s46", "s65", "s146", "s187", "s71", "s150", "s216"], "cnvs": ["c24", "c34", "c37", "c30", "c25", "c29"]}, "3": {"ssms": ["s226", "s0", "s14", "s178", "s91", "s96", "s95", "s123", "s177", "s20", "s207", "s120", "s204", "s196", "s209", "s56", "s54", "s23", "s92", "s51", "s4", "s63", "s60", "s160", "s84", "s85", "s252", "s138", "s249", "s181", "s105", "s106", "s245", "s100", "s21", "s224", "s36", "s39", "s40", "s34", "s43", "s137", "s119", "s117", "s115", "s114", "s113", "s144", "s29", "s161", "s9", "s128", "s227", "s192", "s253", "s136", "s188", "s153", "s76", "s236", "s149", "s13", "s3", "s10"], "cnvs": ["c26", "c32", "c35", "c40", "c28", "c31", "c39", "c36", "c27", "c38"]}, "4": {"ssms": ["s221", "s170", "s172", "s203", "s201", "s208", "s55", "s52", "s59", "s233", "s189", "s135", "s231", "s109", "s234", "s107", "s101", "s44", "s41", "s42", "s198", "s130", "s239", "s132", "s184", "s229", "s118", "s116", "s112", "s79", "s78", "s195", "s191", "s190", "s74", "s77", "s206", "s12", "s15", "s93", "s94", "s99", "s185", "s122", "s124", "s69", "s66", "s62", "s61", "s186", "s225", "s80", "s81", "s82", "s87", "s88", "s89", "s139", "s243", "s242", "s241", "s246", "s180", "s194", "s31", "s33", "s140", "s141", "s142", "s143", "s145", "s147", "s148", "s250", "s152", "s157", "s154", "s159", "s2", "s1", "s6", "s5", "s168", "s167", "s164", "s162", "s163", "s214", "s217", "s210", "s211", "s213", "s235", "s218", "s219"], "cnvs": ["c41", "c42"]}, "5": {"ssms": ["s16", "s179", "s175", "s165", "s176", "s202", "s121", "s126", "s50", "s27", "s25", "s83", "s86", "s108", "s104", "s37", "s32", "s111", "s193", "s70", "s156", "s19", "s18", "s158", "s127"], "cnvs": []}, "6": {"ssms": ["s17", "s244", "s102", "s151", "s97", "s7", "s64", "s174", "s200", "s205", "s238", "s155", "s251", "s182", "s240", "s166", "s75", "s72", "s45", "s67", "s38"], "cnvs": []}, "7": {"ssms": ["s110", "s129", "s98", "s73", "s57", "s228", "s68", "s103"], "cnvs": []}}}