{"c36": [{"end": 113191231, "major_cn": 2, "start": 27400, "cell_prev": [0.130136057736], "chrom": "2", "minor_cn": 0}], "c40": [{"end": 87338794, "major_cn": 2, "start": 211100, "cell_prev": [0.12070132684], "chrom": "9", "minor_cn": 1}], "c37": [{"end": 93171150, "major_cn": 2, "start": 75911770, "cell_prev": [0.130136057736], "chrom": "11", "minor_cn": 0}], "c41": [{"end": 37360477, "major_cn": 2, "start": 18576100, "cell_prev": [0.0906393957549], "chrom": "17", "minor_cn": 2}], "c19": [{"end": 62176400, "major_cn": 2, "start": 351535, "cell_prev": [0.265685609204], "chrom": "20", "minor_cn": 2}], "c18": [{"end": 87496200, "major_cn": 3, "start": 87459100, "cell_prev": [0.28572909135], "chrom": "9", "minor_cn": 3}], "c39": [{"end": 171045800, "major_cn": 2, "start": 89787821, "cell_prev": [0.12070132684], "chrom": "6", "minor_cn": 1}], "c38": [{"end": 102467700, "major_cn": 2, "start": 20215850, "cell_prev": [0.122494253609], "chrom": "15", "minor_cn": 0}], "c13": [{"end": 139440200, "major_cn": 3, "start": 114694214, "cell_prev": [0.355637086348], "chrom": "9", "minor_cn": 3}], "c12": [{"end": 77213350, "major_cn": 2, "start": 193180, "cell_prev": [0.35568909652], "chrom": "18", "minor_cn": 1}], "c11": [{"end": 87458700, "major_cn": 2, "start": 87338999, "cell_prev": [0.356020068866], "chrom": "9", "minor_cn": 2}], "c10": [{"end": 50710857, "major_cn": 2, "start": 23613404, "cell_prev": [0.417252015196], "chrom": "22", "minor_cn": 1}], "c17": [{"end": 58552395, "major_cn": 3, "start": 130853, "cell_prev": [0.296333878353], "chrom": "16", "minor_cn": 2}], "c16": [{"end": 18575950, "major_cn": 3, "start": 700687, "cell_prev": [0.319686117792], "chrom": "17", "minor_cn": 0}], "c15": [{"end": 106924950, "major_cn": 3, "start": 19050467, "cell_prev": [0.327307335745], "chrom": "14", "minor_cn": 2}], "c14": [{"end": 190435750, "major_cn": 3, "start": 144818165, "cell_prev": [0.327307335745], "chrom": "4", "minor_cn": 2}], "c42": [{"end": 248867702, "major_cn": 0, "start": 226260274, "cell_prev": [0.0798035448016], "chrom": "1", "minor_cn": 0}], "c35": [{"end": 63886550, "major_cn": 2, "start": 192764, "cell_prev": [0.139159706773], "chrom": "11", "minor_cn": 2}], "c9": [{"end": 144707138, "major_cn": 2, "start": 75705618, "cell_prev": [0.424852949155], "chrom": "4", "minor_cn": 0}], "c8": [{"end": 89984000, "major_cn": 1, "start": 58552700, "cell_prev": [0.440988669459], "chrom": "16", "minor_cn": 0}], "c34": [{"end": 180890250, "major_cn": 2, "start": 33650, "cell_prev": [0.139159706773], "chrom": "5", "minor_cn": 2}], "c3": [{"end": 75911520, "major_cn": 7, "start": 64002418, "cell_prev": [0.459051479659], "chrom": "11", "minor_cn": 2}], "c2": [{"end": 89787483, "major_cn": 2, "start": 32729470, "cell_prev": [0.459051479659], "chrom": "6", "minor_cn": 2}], "c1": [{"end": 158827750, "major_cn": 1, "start": 77423900, "cell_prev": [0.459051479659], "chrom": "7", "minor_cn": 0}], "c0": [{"end": 23613011, "major_cn": 3, "start": 23220467, "cell_prev": [0.459051479659], "chrom": "22", "minor_cn": 2}], "c7": [{"end": 59068050, "major_cn": 2, "start": 104800, "cell_prev": [0.459051479659], "chrom": "19", "minor_cn": 2}], "c6": [{"end": 52773225, "major_cn": 3, "start": 37360700, "cell_prev": [0.459051479659], "chrom": "17", "minor_cn": 2}], "c5": [{"end": 135289200, "major_cn": 2, "start": 253000, "cell_prev": [0.459051479659], "chrom": "10", "minor_cn": 1}], "c4": [{"end": 134672600, "major_cn": 1, "start": 93171450, "cell_prev": [0.459051479659], "chrom": "11", "minor_cn": 0}], "c22": [{"end": 243176250, "major_cn": 1, "start": 114034185, "cell_prev": [0.245971717912], "chrom": "2", "minor_cn": 0}], "c23": [{"end": 46727100, "major_cn": 4, "start": 63093, "cell_prev": [0.228882384961], "chrom": "1", "minor_cn": 2}], "c20": [{"end": 75705378, "major_cn": 2, "start": 15705, "cell_prev": [0.265685609204], "chrom": "4", "minor_cn": 2}], "c21": [{"end": 197354781, "major_cn": 2, "start": 182750, "cell_prev": [0.261046000196], "chrom": "3", "minor_cn": 1}], "c26": [{"end": 115097450, "major_cn": 2, "start": 20138645, "cell_prev": [0.193441181001], "chrom": "13", "minor_cn": 0}], "c27": [{"end": 148904205, "major_cn": 1, "start": 46727300, "cell_prev": [0.187047716541], "chrom": "1", "minor_cn": 0}], "c24": [{"end": 32729300, "major_cn": 2, "start": 188969, "cell_prev": [0.194145547412], "chrom": "6", "minor_cn": 2}], "c25": [{"end": 23220150, "major_cn": 2, "start": 16345614, "cell_prev": [0.193441181001], "chrom": "22", "minor_cn": 0}], "c31": [{"end": 145813850, "major_cn": 3, "start": 21100, "cell_prev": [0.171554208446], "chrom": "8", "minor_cn": 2}], "c28": [{"end": 77423550, "major_cn": 1, "start": 81050, "cell_prev": [0.187047716541], "chrom": "7", "minor_cn": 0}], "c29": [{"end": 226259950, "major_cn": 3, "start": 149301707, "cell_prev": [0.171554208446], "chrom": "1", "minor_cn": 2}], "c30": [{"end": 110259772, "major_cn": 3, "start": 87499890, "cell_prev": [0.171554208446], "chrom": "9", "minor_cn": 2}], "c33": [{"end": 81177150, "major_cn": 3, "start": 53363443, "cell_prev": [0.171554208446], "chrom": "17", "minor_cn": 2}], "c32": [{"end": 133336458, "major_cn": 3, "start": 191792, "cell_prev": [0.171554208446], "chrom": "12", "minor_cn": 2}]}