{"dataset_name": "tumor_normal2", "mut_assignments": {"1": {"ssms": ["s223", "s96", "s95", "s147", "s149", "s55", "s54", "s199", "s90", "s22", "s135", "s230", "s169", "s224", "s47", "s35", "s131", "s48", "s49", "s132", "s30", "s28", "s73", "s8", "s11"], "cnvs": ["c19", "c2", "c22", "c0", "c26", "c27", "c24", "c13", "c12", "c11", "c4", "c17", "c16", "c32", "c35", "c20", "c37", "c18", "c3", "c8", "c9", "c30", "c28", "c31", "c1", "c7", "c6", "c5", "c21", "c10", "c42", "c25", "c29", "c33", "c15", "c14", "c36", "c23"]}, "2": {"ssms": ["s1", "s0", "s15", "s5", "s92", "s97", "s166", "s163", "s128", "s211", "s120", "s208", "s218", "s53", "s20", "s21", "s56", "s63", "s29", "s183", "s82", "s84", "s168", "s87", "s242", "s134", "s107", "s244", "s180", "s46", "s194", "s42", "s36", "s198", "s239", "s143", "s33", "s228", "s118", "s117", "s111", "s110", "s187", "s252", "s191", "s71", "s70", "s152", "s155", "s12", "s2"], "cnvs": ["c34", "c40"]}, "3": {"ssms": ["s238", "s43", "s45", "s176"], "cnvs": []}, "4": {"ssms": ["s6", "s91", "s167", "s98", "s207", "s197", "s215", "s202", "s123", "s121", "s57", "s219", "s51", "s50", "s64", "s113", "s60", "s237", "s231", "s248", "s109", "s234", "s106", "s247", "s26", "s40", "s133", "s184", "s119", "s116", "s195", "s19", "s10"], "cnvs": ["c39", "c41", "c38"]}, "5": {"ssms": ["s226", "s80", "s178", "s94", "s162", "s160", "s161", "s216", "s185", "s201", "s196", "s213", "s235", "s124", "s23", "s67", "s24", "s62", "s58", "s233", "s189", "s85", "s88", "s89", "s139", "s34", "s243", "s44", "s38", "s41", "s130", "s65", "s145", "s115", "s251", "s253", "s188", "s157", "s225", "s158", "s3"], "cnvs": []}, "6": {"ssms": ["s101", "s173", "s81", "s182", "s153"], "cnvs": []}, "7": {"ssms": ["s17", "s156", "s114", "s241", "s39", "s61", "s171", "s170", "s250", "s99", "s222", "s78", "s144", "s192", "s249", "s232", "s229", "s9", "s83", "s31", "s177", "s210", "s18"], "cnvs": []}, "8": {"ssms": ["s100", "s140", "s221", "s103", "s179", "s4", "s79", "s27", "s175", "s174", "s75", "s154", "s205", "s204", "s14", "s76", "s148", "s127", "s104", "s125", "s138"], "cnvs": []}, "9": {"ssms": ["s16", "s7", "s220", "s93", "s172", "s164", "s165", "s129", "s203", "s217", "s122", "s209", "s126", "s68", "s52", "s66", "s25", "s227", "s59", "s200", "s86", "s108", "s150", "s69", "s105", "s246", "s245", "s102", "s37", "s32", "s141", "s137", "s146", "s159", "s212", "s181", "s112", "s193", "s190", "s186", "s72", "s151", "s74", "s77", "s236", "s206", "s13"], "cnvs": []}, "10": {"ssms": ["s142", "s240", "s214", "s136"], "cnvs": []}}}