{"dataset_name": "tumor_normal2", "mut_assignments": {"1": {"ssms": ["s223", "s169", "s149", "s54", "s199", "s90", "s230", "s224", "s47", "s35", "s131", "s48", "s49", "s30", "s28", "s73", "s8", "s11"], "cnvs": ["c19", "c2", "c22", "c0", "c26", "c27", "c24", "c13", "c12", "c11", "c4", "c17", "c16", "c32", "c20", "c18", "c3", "c8", "c9", "c28", "c31", "c1", "c7", "c6", "c5", "c21", "c10", "c42", "c25", "c15", "c14", "c23"]}, "2": {"ssms": ["s7", "s93", "s178", "s91", "s168", "s166", "s84", "s222", "s202", "s123", "s120", "s218", "s92", "s21", "s26", "s64", "s81", "s135", "s181", "s240", "s107", "s180", "s39", "s46", "s140", "s142", "s133", "s132", "s119", "s118", "s117", "s187", "s192", "s190", "s153", "s152", "s150", "s154", "s9", "s2"], "cnvs": ["c35", "c34", "c30", "c39", "c40", "c33", "c36"]}, "3": {"ssms": ["s15", "s96", "s191", "s198", "s82", "s232", "s155", "s20"], "cnvs": []}, "4": {"ssms": ["s226", "s6", "s179", "s4", "s97", "s98", "s163", "s160", "s197", "s211", "s209", "s5", "s22", "s53", "s51", "s186", "s183", "s87", "s108", "s242", "s106", "s244", "s247", "s41", "s42", "s248", "s143", "s116", "s128", "s113", "s111", "s76", "s10"], "cnvs": ["c41", "c29", "c38"]}, "5": {"ssms": ["s0", "s221", "s124", "s95", "s172", "s164", "s162", "s161", "s216", "s185", "s196", "s213", "s57", "s56", "s55", "s23", "s65", "s62", "s63", "s29", "s58", "s233", "s189", "s85", "s237", "s89", "s139", "s231", "s109", "s234", "s134", "s246", "s101", "s103", "s44", "s40", "s34", "s43", "s33", "s130", "s239", "s94", "s219", "s243", "s167", "s225", "s184", "s115", "s144", "s60", "s110", "s141", "s195", "s251", "s250", "s70", "s151", "s208", "s157", "s19", "s121", "s236", "s158", "s3"], "cnvs": ["c37"]}, "6": {"ssms": ["s17", "s1", "s171", "s170", "s99", "s174", "s177", "s176", "s207", "s129", "s61", "s238", "s138", "s249", "s241", "s100", "s38", "s37", "s32", "s146", "s229", "s228", "s114", "s78", "s227", "s252", "s253", "s72", "s77", "s156", "s12", "s80", "s182", "s88", "s215", "s31", "s36", "s13", "s214"], "cnvs": []}, "7": {"ssms": ["s14", "s194", "s79", "s75", "s127", "s125"], "cnvs": []}, "8": {"ssms": ["s16", "s220", "s210", "s173", "s175", "s165", "s205", "s204", "s203", "s217", "s201", "s212", "s235", "s126", "s122", "s52", "s66", "s50", "s27", "s24", "s25", "s59", "s83", "s200", "s86", "s68", "s69", "s104", "s105", "s245", "s102", "s45", "s67", "s137", "s145", "s147", "s148", "s112", "s193", "s71", "s188", "s74", "s136", "s18", "s159", "s206"], "cnvs": []}}}